median,lci,uci,current_uncontrolled,insurance_loss,state,scenario,disease
415.87932700044075,414.34124805338155,417.60178479280444,9932.614293028426,23567.430027000002,Alaska,Efficiency_based_Exemption,diabetes
505.5213740791369,505.5213740791369,505.5213740791369,153274.22505057036,23567.430027000002,Alaska,Efficiency_based_Exemption,hypertension
141.40458016200137,141.40458016200137,141.40458016200137,32295.23805413355,23567.430027000002,Alaska,Efficiency_based_Exemption,cholesterol
2774.81800451826,2769.1519570759992,2781.1236403256717,97451.9583563621,156910.94145,Arizona,Efficiency_based_Exemption,diabetes
3365.7396941024344,3365.7396941024344,3365.7396941024344,1503820.9434162618,156910.94145,Arizona,Efficiency_based_Exemption,hypertension
941.4656487000175,941.4656487000175,941.4656487000175,316858.59342884447,156910.94145,Arizona,Efficiency_based_Exemption,cholesterol
1510.4411211624247,1506.8982432802434,1514.387954839809,40608.613333685906,84361.323164,Arkansas,Efficiency_based_Exemption,diabetes
1809.5503818677971,1809.5503818677971,1809.5503818677971,626648.0863419502,84361.323164,Arkansas,Efficiency_based_Exemption,hypertension
506.1679389839992,506.1679389839992,506.1679389839992,132036.21886134736,84361.323164,Arkansas,Efficiency_based_Exemption,cholesterol
27066.32635610347,27044.249559653406,27090.779881917937,557017.8213884538,1475253.9441799999,California,Efficiency_based_Exemption,diabetes
31644.197102660313,31644.197102660313,31644.197102660313,8595569.34296713,1475253.9441799999,California,Efficiency_based_Exemption,hypertension
8851.52366508008,8851.52366508008,8851.52366508008,1811106.583969663,1475253.9441799999,California,Efficiency_based_Exemption,cholesterol
2531.1473474412705,2526.9680040477515,2535.7907082982156,83388.41520924402,138672.77354,Colorado,Efficiency_based_Exemption,diabetes
2974.530992432963,2974.530992432963,2974.530992432963,1286800.6692219083,138672.77354,Colorado,Efficiency_based_Exemption,hypertension
832.0366412400035,832.0366412400035,832.0366412400035,271131.91358187364,138672.77354,Colorado,Efficiency_based_Exemption,cholesterol
2113.213262255489,2108.6621695864756,2118.2779768828113,50508.062082224875,113106.870204,Connecticut,Efficiency_based_Exemption,diabetes
2426.1423658757703,2426.1423658757703,2426.1423658757703,779410.5203393262,113106.870204,Connecticut,Efficiency_based_Exemption,hypertension
678.6412212240102,678.6412212240102,678.6412212240102,164223.62134239983,113106.870204,Connecticut,Efficiency_based_Exemption,cholesterol
955.3347111945013,952.2673179205167,958.760171078464,10516.384808242663,49760.3053464,District of Columbia,Efficiency_based_Exemption,diabetes
1067.3585496802698,1067.3585496802698,1067.3585496802698,162282.62613080128,49760.3053464,District of Columbia,Efficiency_based_Exemption,hypertension
298.56183207839786,298.56183207839786,298.56183207839786,34193.3292516404,49760.3053464,District of Columbia,Efficiency_based_Exemption,cholesterol
913.2286667685967,911.2976441657433,915.3770425634008,18575.828872282254,47963.35877960001,Hawaii,Efficiency_based_Exemption,diabetes
1028.8140458224225,1028.8140458224225,1028.8140458224225,286651.1968625906,47963.35877960001,Hawaii,Efficiency_based_Exemption,hypertension
287.780152677602,287.780152677602,287.780152677602,60398.078268706384,47963.35877960001,Hawaii,Efficiency_based_Exemption,cholesterol
456.26578647369024,454.79803046702983,457.9062534719892,25126.711597638812,25560.3053439,Idaho,Efficiency_based_Exemption,diabetes
548.2685496266349,548.2685496266349,548.2685496266349,387740.5418732941,25560.3053439,Idaho,Efficiency_based_Exemption,hypertension
153.36183206339774,153.36183206339774,153.36183206339774,81697.83992648002,25560.3053439,Idaho,Efficiency_based_Exemption,cholesterol
5441.127933951473,5433.481933674592,5449.6151449600675,177085.98940668924,297162.34096,Illinois,Efficiency_based_Exemption,diabetes
6374.132213592064,6374.132213592064,6374.132213592064,2732686.1783684613,297162.34096,Illinois,Efficiency_based_Exemption,hypertension
1782.9740457599983,1782.9740457599983,1782.9740457599983,575783.3753752945,297162.34096,Illinois,Efficiency_based_Exemption,cholesterol
1675.8628249185786,1673.1086222594197,1678.9226884825534,93122.69660542141,91599.49110690001,Indiana,Efficiency_based_Exemption,diabetes
1964.8090842429083,1964.8090842429083,1964.8090842429083,1437014.3383936288,91599.49110690001,Indiana,Efficiency_based_Exemption,hypertension
549.5969466413953,549.5969466413953,549.5969466413953,302782.28534715256,91599.49110690001,Indiana,Efficiency_based_Exemption,cholesterol
1081.4873923317973,1079.9614833831372,1083.1810144455314,43042.46084996371,57631.043257,Iowa,Efficiency_based_Exemption,diabetes
1236.1858778626192,1236.1858778626192,1236.1858778626192,664205.7807155827,57631.043257,Iowa,Efficiency_based_Exemption,hypertension
345.7862595419865,345.7862595419865,345.7862595419865,139949.7129935843,57631.043257,Iowa,Efficiency_based_Exemption,cholesterol
2296.3536425909297,2293.0983459518693,2299.9669865020383,61500.93648547607,123603.053445,Kentucky,Efficiency_based_Exemption,diabetes
2651.2854963951977,2651.2854963951977,2651.2854963951977,949046.0518850548,123603.053445,Kentucky,Efficiency_based_Exemption,hypertension
741.618320670008,741.618320670008,741.618320670008,199966.22497912525,123603.053445,Kentucky,Efficiency_based_Exemption,cholesterol
2616.143045229419,2611.004751495973,2621.8587139157585,62334.13279761289,144746.564872,Louisiana,Efficiency_based_Exemption,diabetes
3104.8138165044365,3104.8138165044365,3104.8138165044365,961903.4442381839,144746.564872,Louisiana,Efficiency_based_Exemption,hypertension
868.4793892320013,868.4793892320013,868.4793892320013,202675.3076488481,144746.564872,Louisiana,Efficiency_based_Exemption,cholesterol
639.0326742990219,637.0543692283179,641.2420414634666,18875.922962790868,34808.1424947,Maine,Efficiency_based_Exemption,diabetes
746.6346565113054,746.6346565113054,746.6346565113054,291282.0712535602,34808.1424947,Maine,Efficiency_based_Exemption,hypertension
208.8488549682006,208.8488549682006,208.8488549682006,61373.81434439562,34808.1424947,Maine,Efficiency_based_Exemption,cholesterol
2347.328607272175,2343.7808361666716,2351.2679359255044,85962.6384286562,126513.99488800002,Maryland,Efficiency_based_Exemption,diabetes
2713.725190347526,2713.725190347526,2713.725190347526,1326524.5583635138,126513.99488800002,Maryland,Efficiency_based_Exemption,hypertension
759.0839693280286,759.0839693280286,759.0839693280286,279501.8300230815,126513.99488800002,Maryland,Efficiency_based_Exemption,cholesterol
2927.8464076087694,2924.9460392648903,2931.0605271372733,100755.37579394618,151844.783739,Massachusetts,Efficiency_based_Exemption,diabetes
3257.0706112014595,3257.0706112014595,3257.0706112014595,1554797.3261516336,151844.783739,Massachusetts,Efficiency_based_Exemption,hypertension
911.068702434015,911.068702434015,911.068702434015,327599.43661388935,151844.783739,Massachusetts,Efficiency_based_Exemption,cholesterol
4424.08054644466,4419.503978645192,4429.153439166909,138568.50488756527,236306.870228,Michigan,Efficiency_based_Exemption,diabetes
5068.782366390806,5068.782366390806,5068.782366390806,2138307.1542368364,236306.870228,Michigan,Efficiency_based_Exemption,hypertension
1417.8412213679985,1417.8412213679985,1417.8412213679985,450546.32346796215,236306.870228,Michigan,Efficiency_based_Exemption,cholesterol
1673.1977780787565,1671.118378814483,1675.5043157278392,78598.56251508993,88755.7251865,Minnesota,Efficiency_based_Exemption,diabetes
1903.810305250343,1903.810305250343,1903.810305250343,1212886.497369071,88755.7251865,Minnesota,Efficiency_based_Exemption,hypertension
532.5343511189858,532.5343511189858,532.5343511189858,255558.0245292691,88755.7251865,Minnesota,Efficiency_based_Exemption,cholesterol
1494.5945096995565,1491.6951868471563,1497.819576213052,83896.48989740215,83521.6285042,Missouri,Efficiency_based_Exemption,diabetes
1791.5389314151835,1791.5389314151835,1791.5389314151835,1294640.9771003595,83521.6285042,Missouri,Efficiency_based_Exemption,hypertension
501.1297710252111,501.1297710252111,501.1297710252111,272783.8848070992,83521.6285042,Missouri,Efficiency_based_Exemption,cholesterol
559.1161572703704,556.960538729953,561.5307563872351,14814.769128042599,30962.3409646,Montana,Efficiency_based_Exemption,diabetes
664.1422136906767,664.1422136906767,664.1422136906767,228612.74891119392,30962.3409646,Montana,Efficiency_based_Exemption,hypertension
185.77404578759888,185.77404578759888,185.77404578759888,48169.241409382,30962.3409646,Montana,Efficiency_based_Exemption,cholesterol
338.1660554320624,337.4246840428867,338.99135921003335,26264.955601865393,18534.8600543,Nebraska,Efficiency_based_Exemption,diabetes
397.57274816476274,397.57274816476274,397.57274816476274,405305.24966515315,18534.8600543,Nebraska,Efficiency_based_Exemption,hypertension
111.20916032580135,111.20916032580135,111.20916032580135,85398.7649796142,18534.8600543,Nebraska,Efficiency_based_Exemption,cholesterol
1133.4415820111753,1129.6415219624776,1137.6919132965925,43813.47762373199,64544.529266,Nevada,Efficiency_based_Exemption,diabetes
1384.480152755743,1384.480152755743,1384.480152755743,676103.6552342047,64544.529266,Nevada,Efficiency_based_Exemption,hypertension
387.26717559600365,387.26717559600365,387.26717559600365,142456.6230092137,64544.529266,Nevada,Efficiency_based_Exemption,cholesterol
318.32348173419996,317.36210506197386,319.396680944804,19708.4587888394,17079.3893163,New Hampshire,Efficiency_based_Exemption,diabetes
366.3529008346377,366.3529008346377,366.3529008346377,304129.2713762903,17079.3893163,New Hampshire,Efficiency_based_Exemption,hypertension
102.47633589780162,102.47633589780162,102.47633589780162,64080.749487311994,17079.3893163,New Hampshire,Efficiency_based_Exemption,cholesterol
3237.9637431953597,3232.8888597363866,3243.6003752812403,129828.97809820161,177477.86262,New Jersey,Efficiency_based_Exemption,diabetes
3806.900153198978,3806.900153198978,3806.900153198978,2003443.9494017684,177477.86262,New Jersey,Efficiency_based_Exemption,hypertension
1064.8671757199918,1064.8671757199918,1064.8671757199918,422130.3304759579,177477.86262,New Jersey,Efficiency_based_Exemption,cholesterol
1425.5056504500953,1420.2780065993056,1431.3586640810802,28088.306717758493,80230.0254476,New Mexico,Efficiency_based_Exemption,diabetes
1720.9340458509978,1720.9340458509978,1720.9340458509978,433442.12491659285,80230.0254476,New Mexico,Efficiency_based_Exemption,hypertension
481.38015268559684,481.38015268559684,481.38015268559684,91327.27046737574,80230.0254476,New Mexico,Efficiency_based_Exemption,cholesterol
17407.812934356014,17390.095114622112,17427.4510708233,281619.6210620883,929642.748264,New York,Efficiency_based_Exemption,diabetes
19940.83695026301,19940.83695026301,19940.83695026301,4345787.3127746275,929642.748264,New York,Efficiency_based_Exemption,hypertension
5577.856489583966,5577.856489583966,5577.856489583966,915667.5608856239,929642.748264,New York,Efficiency_based_Exemption,cholesterol
3428.2679907622514,3422.671175308985,3434.4871968221937,145136.67805877567,194635.62338,North Carolina,Efficiency_based_Exemption,diabetes
4174.934121501166,4174.934121501166,4174.934121501166,2239663.3151744287,194635.62338,North Carolina,Efficiency_based_Exemption,hypertension
1167.8137402799912,1167.8137402799912,1167.8137402799912,471902.30386618397,194635.62338,North Carolina,Efficiency_based_Exemption,cholesterol
131.8586059869449,131.61820726165865,132.1258355457805,10532.024045835931,7115.01272292,North Dakota,Efficiency_based_Exemption,diabetes
152.6170229066338,152.6170229066338,152.6170229066338,162523.96158909774,7115.01272292,North Dakota,Efficiency_based_Exemption,hypertension
42.69007633752335,42.69007633752335,42.69007633752335,34244.17919770287,7115.01272292,North Dakota,Efficiency_based_Exemption,cholesterol
3905.1062359673815,3899.818730289954,3910.974106988933,160778.463300239,211155.21625499998,Ohio,Efficiency_based_Exemption,diabetes
4529.279388669878,4529.279388669878,4529.279388669878,2481038.0872699786,211155.21625499998,Ohio,Efficiency_based_Exemption,hypertension
1266.9312975300127,1266.9312975300127,1266.9312975300127,522760.53343815607,211155.21625499998,Ohio,Efficiency_based_Exemption,cholesterol
1485.5075139320325,1482.5664556823901,1488.7808145781914,53477.5829518821,87009.16030330001,Oklahoma,Efficiency_based_Exemption,diabetes
1866.3464885058347,1866.3464885058347,1866.3464885058347,825234.4088585523,87009.16030330001,Oklahoma,Efficiency_based_Exemption,hypertension
522.0549618198129,522.0549618198129,522.0549618198129,173878.82193340734,87009.16030330001,Oklahoma,Efficiency_based_Exemption,cholesterol
2792.7969818585334,2788.151748098174,2797.9578601785197,59259.38317653447,151391.348573,Oregon,Efficiency_based_Exemption,diabetes
3247.344426890835,3247.344426890835,3247.344426890835,914455.7279077396,151391.348573,Oregon,Efficiency_based_Exemption,hypertension
908.3480914380052,908.3480914380052,908.3480914380052,192677.96273641338,151391.348573,Oregon,Efficiency_based_Exemption,cholesterol
5798.785032140426,5792.457984841831,5805.79968799537,178158.4448009423,310283.969474,Pennsylvania,Efficiency_based_Exemption,diabetes
6655.591145217419,6655.591145217419,6655.591145217419,2749235.6752688712,310283.969474,Pennsylvania,Efficiency_based_Exemption,hypertension
1861.703816844034,1861.703816844034,1861.703816844034,579270.3931168525,310283.969474,Pennsylvania,Efficiency_based_Exemption,cholesterol
439.7576482106624,438.60680201502635,441.04034501631725,15584.582885676058,23242.7480925,Rhode Island,Efficiency_based_Exemption,diabetes
498.55694658411085,498.55694658411085,498.55694658411085,240492.05919684083,23242.7480925,Rhode Island,Efficiency_based_Exemption,hypertension
139.45648855499894,139.45648855499894,139.45648855499894,50672.23989766211,23242.7480925,Rhode Island,Efficiency_based_Exemption,cholesterol
231.418041897462,230.7631175065184,232.1489559849386,11755.06904323046,12931.29771067,South Dakota,Efficiency_based_Exemption,diabetes
277.37633589387406,277.37633589387406,277.37633589387406,181397.26811718874,12931.29771067,South Dakota,Efficiency_based_Exemption,hypertension
77.58778626401909,77.58778626401909,77.58778626401909,38220.8290681702,12931.29771067,South Dakota,Efficiency_based_Exemption,cholesterol
556.1406235275208,554.9435624416485,557.4730637912196,45345.53320190536,30626.463106900002,Utah,Efficiency_based_Exemption,diabetes
656.9376336430432,656.9376336430432,656.9376336430432,699745.4301537994,30626.463106900002,Utah,Efficiency_based_Exemption,hypertension
183.75877864140784,183.75877864140784,183.75877864140784,147438.00033340923,30626.463106900002,Utah,Efficiency_based_Exemption,cholesterol
408.0207416384419,407.0037727164543,409.1537220956232,8976.639350854306,21552.162852499998,Vermont,Efficiency_based_Exemption,diabetes
462.29389318611356,462.29389318611356,462.29389318611356,138522.1855464947,21552.162852499998,Vermont,Efficiency_based_Exemption,hypertension
129.31297711500156,129.31297711500156,129.31297711500156,29186.948794077474,21552.162852499998,Vermont,Efficiency_based_Exemption,cholesterol
3128.011977659262,3123.9800750783606,3132.485549979807,118773.40519361517,170480.40717199998,Virginia,Efficiency_based_Exemption,diabetes
3656.8047338393517,3656.8047338393517,3656.8047338393517,1832840.8916921841,170480.40717199998,Virginia,Efficiency_based_Exemption,hypertension
1022.8824430319946,1022.8824430319946,1022.8824430319946,386183.86681139667,170480.40717199998,Virginia,Efficiency_based_Exemption,cholesterol
3166.1956727537254,3161.318926388307,3171.6113870526797,108971.61327796426,171706.361355,Washington,Efficiency_based_Exemption,diabetes
3683.101451064693,3683.101451064693,3683.101451064693,1681585.4401407405,171706.361355,Washington,Efficiency_based_Exemption,hypertension
1030.2381681299885,1030.2381681299885,1030.2381681299885,354313.98905975465,171706.361355,Washington,Efficiency_based_Exemption,cholesterol
1041.430044146071,1038.267386162855,1044.961289908561,23792.96533067625,56651.399494,West Virginia,Efficiency_based_Exemption,diabetes
1215.1725191462901,1215.1725191462901,1215.1725191462901,367158.9588729087,56651.399494,West Virginia,Efficiency_based_Exemption,hypertension
339.9083969640051,339.9083969640051,339.9083969640051,77361.25220399079,56651.399494,West Virginia,Efficiency_based_Exemption,cholesterol
2376.8036678734716,2374.1788956713303,2379.713819396875,81097.13712512747,127051.39945600001,Wisconsin,Efficiency_based_Exemption,diabetes
2725.2525183311664,2725.2525183311664,2725.2525183311664,1251443.0219442106,127051.39945600001,Wisconsin,Efficiency_based_Exemption,hypertension
762.3083967359853,762.3083967359853,762.3083967359853,263681.9745233621,127051.39945600001,Wisconsin,Efficiency_based_Exemption,cholesterol
